{"cameraMode":{"drawMode":0,"name":"Shaded","section":"Shading Mode"},"sceneLighting":true,"audioPlay":false,"sceneViewState":{"m_AlwaysRefresh":false,"showFog":true,"showSkybox":true,"showFlares":true,"showImageEffects":true,"showParticleSystems":true,"showVisualEffectGraphs":true,"m_FxEnabled":false},"in2DMode":false,"pivot":{"x":31.225791931152345,"y":11.058281898498536,"z":-24.14244270324707},"rotation":{"x":0.16477428376674653,"y":-0.35500991344451907,"z":0.06372034549713135,"w":0.9180185794830322},"size":0.3810506761074066,"orthographic":false}