{"cameraMode":{"drawMode":0,"name":"Shaded","section":"Shading Mode"},"sceneLighting":true,"audioPlay":false,"sceneViewState":{"m_AlwaysRefresh":false,"showFog":true,"showSkybox":true,"showFlares":true,"showImageEffects":true,"showParticleSystems":true,"showVisualEffectGraphs":true,"m_FxEnabled":false},"in2DMode":false,"pivot":{"x":21.51999855041504,"y":1.0270004272460938,"z":-16.100000381469728},"rotation":{"x":-0.20839181542396546,"y":0.7054405808448792,"z":-0.23081210255622865,"w":-0.6369221806526184},"size":0.3810506761074066,"orthographic":false}